{"metadata":{"asset_id":"3556d16d-340a-4c4e-b0e0-4cd88326e36d","asset_attributes":["data_asset"],"name":"rio-l.xlsx","asset_type":"data_asset","created_at":"2023-01-02T17:20:36Z","origin_country":"us","owner_id":"IBMid-663001U9P8","project_id":"8ebcdc05-191a-41f3-82e7-1d5c28812e7d","size":2231371,"usage":{"last_update_time":1672680036963,"last_updated_at":"2023-01-02T17:20:36Z"}},"entity":{"data_asset":{"mime_type":"application/vnd.openxmlformats-officedocument.spreadsheetml.sheet","dataset":false}},"attachments":[{"id":"e12bd72c-5b53-4fa2-89a2-c13f85679946","version":2,"asset_type":"data_asset","name":"rio-l.xlsx","mime":"application/vnd.openxmlformats-officedocument.spreadsheetml.sheet","datasource_type":"193a97c1-4475-4a19-b90c-295c4fdc6517","object_key":"rio-l.xlsx","creator_id":"IBMid-663001U9P8","create_time":1672680038110,"size":2231371,"is_remote":false,"is_managed":false,"is_referenced":true,"is_object_key_read_only":true,"is_user_provided_path_key":true,"transfer_complete":true,"is_partitioned":false,"complete_time_ticks":1672680038110,"user_data":{},"test_doc":0,"handle":{"bucket":"proyectoriosantiagojalisco-donotdelete-pr-m1cpbrlpofdeoh","location":"us-geo","type":"bluemix_cos","key":"rio-l.xlsx","upload_id":"done","max_part_num":1},"usage":{"access_count":0,"last_accessor_id":"IBMid-663001U9P8","last_access_time":1672680038110}}]}
