[{"metadata":{"asset_id":"19f9dd61-89b5-4058-8ad7-4d973b3c2cc1","asset_type":"data_intg_flow","catalog_id":"9e6b8431-f94f-4ff0-8260-964c33adea29","create_time":"2023-02-19T04:04:59.000Z","creator_id":"IBMid-663001U9P8","name":"Carga_EST_Promedios","origin_country":"us","size":31243,"project_id":"8ebcdc05-191a-41f3-82e7-1d5c28812e7d","resource_key":"8ebcdc05-191a-41f3-82e7-1d5c28812e7d/data_intg_flow/Carga_EST_Promedios","description":"","usage":{"last_access_time":"2023-02-19T04:25:54.021Z","last_accessor_id":"IBMid-663001U9P8","access_count":0}},"entity":{"data_intg_flow":{"mime_type":"application/json","dataset":false}},"attachments":[{"test_doc":0,"object_key":"data_intg_flow/8ebcdc05-191a-41f3-82e7-1d5c28812e7d19f9dd61-89b5-4058-8ad7-4d973b3c2cc1px_executables","create_time":1676779575688,"complete_time_ticks":1676779575688,"mime":"application/octet-stream","usage":{"access_count":0,"last_accessor_id":"IBMid-663001U9P8","last_access_time":1676779575688},"is_remote":false,"handle":{"bucket":"proyectoriosantiagojalisco-donotdelete-pr-m1cpbrlpofdeoh","max_part_num":1,"upload_id":"done","location":"us-geo","type":"bluemix_cos","key":"data_intg_flow/8ebcdc05-191a-41f3-82e7-1d5c28812e7d19f9dd61-89b5-4058-8ad7-4d973b3c2cc1px_executables"},"is_user_provided_path_key":true,"user_data":{},"version":2,"size":3104,"is_partitioned":false,"datasource_type":"193a97c1-4475-4a19-b90c-295c4fdc6517","transfer_complete":true,"asset_type":"data_intg_flow","name":"px_executables","creator_id":"IBMid-663001U9P8","id":"85113267-edbf-4440-9b9f-d180ab756fdc","is_referenced":true,"is_managed":false,"is_object_key_read_only":false},{"test_doc":0,"object_key":"data_intg_flow/8ebcdc05-191a-41f3-82e7-1d5c28812e7d19f9dd61-89b5-4058-8ad7-4d973b3c2cc1","create_time":1676780754003,"complete_time_ticks":1676780754003,"mime":"application/json","usage":{"access_count":0,"last_accessor_id":"IBMid-663001U9P8","last_access_time":1676780754003},"is_remote":false,"handle":{"bucket":"proyectoriosantiagojalisco-donotdelete-pr-m1cpbrlpofdeoh","max_part_num":1,"upload_id":"done","location":"us-geo","type":"bluemix_cos","key":"data_intg_flow/8ebcdc05-191a-41f3-82e7-1d5c28812e7d19f9dd61-89b5-4058-8ad7-4d973b3c2cc1"},"is_user_provided_path_key":true,"user_data":{},"version":2,"size":28139,"is_partitioned":false,"datasource_type":"193a97c1-4475-4a19-b90c-295c4fdc6517","transfer_complete":true,"asset_type":"data_intg_flow","name":"data_intg_flows","creator_id":"IBMid-663001U9P8","id":"1df47da2-458f-4398-b593-2d853e9231f5","is_referenced":true,"is_managed":false,"is_object_key_read_only":false}]}]
