[{"metadata":{"asset_id":"37b91289-295d-4f97-899d-19374919d1fb","asset_type":"data_intg_flow","catalog_id":"9e6b8431-f94f-4ff0-8260-964c33adea29","create_time":"2023-01-05T04:20:19.000Z","creator_id":"IBMid-663001U9P8","name":"Filas_Columnas","origin_country":"us","size":78897,"project_id":"8ebcdc05-191a-41f3-82e7-1d5c28812e7d","resource_key":"8ebcdc05-191a-41f3-82e7-1d5c28812e7d/data_intg_flow/Filas_Columnas","description":"","usage":{"last_access_time":"2023-02-19T03:00:54.637Z","last_accessor_id":"IBMid-663001U9P8","access_count":0}},"entity":{"data_intg_flow":{"mime_type":"application/json","dataset":false}},"attachments":[{"test_doc":0,"object_key":"data_intg_flow/8ebcdc05-191a-41f3-82e7-1d5c28812e7d37b91289-295d-4f97-899d-19374919d1fb","create_time":1676775645862,"complete_time_ticks":1676775645862,"mime":"application/json","usage":{"access_count":0,"last_accessor_id":"IBMid-663001U9P8","last_access_time":1676775645862},"is_remote":false,"handle":{"bucket":"proyectoriosantiagojalisco-donotdelete-pr-m1cpbrlpofdeoh","max_part_num":1,"upload_id":"done","location":"us-geo","type":"bluemix_cos","key":"data_intg_flow/8ebcdc05-191a-41f3-82e7-1d5c28812e7d37b91289-295d-4f97-899d-19374919d1fb"},"is_user_provided_path_key":true,"user_data":{},"version":2,"size":73943,"is_partitioned":false,"datasource_type":"193a97c1-4475-4a19-b90c-295c4fdc6517","transfer_complete":true,"asset_type":"data_intg_flow","name":"data_intg_flows","creator_id":"IBMid-663001U9P8","id":"d322b1e4-60d9-45fc-a71d-70d0f56cc207","is_referenced":true,"is_managed":false,"is_object_key_read_only":false},{"test_doc":0,"object_key":"data_intg_flow/8ebcdc05-191a-41f3-82e7-1d5c28812e7d37b91289-295d-4f97-899d-19374919d1fbpx_executables","create_time":1676775654623,"complete_time_ticks":1676775654623,"mime":"application/octet-stream","usage":{"access_count":0,"last_accessor_id":"IBMid-663001U9P8","last_access_time":1676775654623},"is_remote":false,"handle":{"bucket":"proyectoriosantiagojalisco-donotdelete-pr-m1cpbrlpofdeoh","max_part_num":1,"upload_id":"done","location":"us-geo","type":"bluemix_cos","key":"data_intg_flow/8ebcdc05-191a-41f3-82e7-1d5c28812e7d37b91289-295d-4f97-899d-19374919d1fbpx_executables"},"is_user_provided_path_key":true,"user_data":{},"version":2,"size":4954,"is_partitioned":false,"datasource_type":"193a97c1-4475-4a19-b90c-295c4fdc6517","transfer_complete":true,"asset_type":"data_intg_flow","name":"px_executables","creator_id":"IBMid-663001U9P8","id":"97945fee-e32b-46b2-a26c-6c4983960e94","is_referenced":true,"is_managed":false,"is_object_key_read_only":false}]}]
