[{"metadata":{"asset_id":"bfb38a27-0bf8-4f66-a261-d65602a716d8","asset_type":"data_intg_flow","catalog_id":"9e6b8431-f94f-4ff0-8260-964c33adea29","create_time":"2023-01-02T23:25:24.000Z","creator_id":"IBMid-663001U9P8","name":"limpieza","origin_country":"us","size":14205,"project_id":"8ebcdc05-191a-41f3-82e7-1d5c28812e7d","resource_key":"8ebcdc05-191a-41f3-82e7-1d5c28812e7d/data_intg_flow/limpieza","description":"","usage":{"last_access_time":"2023-02-19T02:50:08.429Z","last_accessor_id":"IBMid-663001U9P8","access_count":0}},"entity":{"data_intg_flow":{"mime_type":"application/json","dataset":false}},"attachments":[{"test_doc":0,"object_key":"data_intg_flow/8ebcdc05-191a-41f3-82e7-1d5c28812e7dbfb38a27-0bf8-4f66-a261-d65602a716d8","create_time":1676775001209,"complete_time_ticks":1676775001209,"mime":"application/json","usage":{"access_count":0,"last_accessor_id":"IBMid-663001U9P8","last_access_time":1676775001209},"is_remote":false,"handle":{"bucket":"proyectoriosantiagojalisco-donotdelete-pr-m1cpbrlpofdeoh","max_part_num":1,"upload_id":"done","location":"us-geo","type":"bluemix_cos","key":"data_intg_flow/8ebcdc05-191a-41f3-82e7-1d5c28812e7dbfb38a27-0bf8-4f66-a261-d65602a716d8"},"is_user_provided_path_key":true,"user_data":{},"version":2,"size":11250,"is_partitioned":false,"datasource_type":"193a97c1-4475-4a19-b90c-295c4fdc6517","transfer_complete":true,"asset_type":"data_intg_flow","name":"data_intg_flows","creator_id":"IBMid-663001U9P8","id":"a42d5f0a-7e4f-40b8-b78d-6c17c4cb00ee","is_referenced":true,"is_managed":false,"is_object_key_read_only":false},{"test_doc":0,"object_key":"data_intg_flow/8ebcdc05-191a-41f3-82e7-1d5c28812e7dbfb38a27-0bf8-4f66-a261-d65602a716d8px_executables","create_time":1676775008417,"complete_time_ticks":1676775008417,"mime":"application/octet-stream","usage":{"access_count":0,"last_accessor_id":"IBMid-663001U9P8","last_access_time":1676775008417},"is_remote":false,"handle":{"bucket":"proyectoriosantiagojalisco-donotdelete-pr-m1cpbrlpofdeoh","max_part_num":1,"upload_id":"done","location":"us-geo","type":"bluemix_cos","key":"data_intg_flow/8ebcdc05-191a-41f3-82e7-1d5c28812e7dbfb38a27-0bf8-4f66-a261-d65602a716d8px_executables"},"is_user_provided_path_key":true,"user_data":{},"version":2,"size":2955,"is_partitioned":false,"datasource_type":"193a97c1-4475-4a19-b90c-295c4fdc6517","transfer_complete":true,"asset_type":"data_intg_flow","name":"px_executables","creator_id":"IBMid-663001U9P8","id":"95c44ebb-eefc-459e-b501-6c015dea9fe4","is_referenced":true,"is_managed":false,"is_object_key_read_only":false}]}]
