{"metadata":{"asset_id":"50b3c5b8-f40d-4596-a453-8a5942c61812","asset_attributes":["data_asset"],"name":"punto-l.xlsx","asset_type":"data_asset","created_at":"2023-01-02T17:20:24Z","origin_country":"us","owner_id":"IBMid-663001U9P8","project_id":"8ebcdc05-191a-41f3-82e7-1d5c28812e7d","size":10972,"usage":{"last_update_time":1672680024263,"last_updated_at":"2023-01-02T17:20:24Z"}},"entity":{"data_asset":{"mime_type":"application/vnd.openxmlformats-officedocument.spreadsheetml.sheet","dataset":false}},"attachments":[{"id":"733794d1-2eb6-498d-8c78-d9a018da743d","version":2,"asset_type":"data_asset","name":"punto-l.xlsx","mime":"application/vnd.openxmlformats-officedocument.spreadsheetml.sheet","datasource_type":"193a97c1-4475-4a19-b90c-295c4fdc6517","object_key":"punto-l.xlsx","creator_id":"IBMid-663001U9P8","create_time":1672680025385,"size":10972,"is_remote":false,"is_managed":false,"is_referenced":true,"is_object_key_read_only":true,"is_user_provided_path_key":true,"transfer_complete":true,"is_partitioned":false,"complete_time_ticks":1672680025385,"user_data":{},"test_doc":0,"handle":{"bucket":"proyectoriosantiagojalisco-donotdelete-pr-m1cpbrlpofdeoh","location":"us-geo","type":"bluemix_cos","key":"punto-l.xlsx","upload_id":"done","max_part_num":1},"usage":{"access_count":0,"last_accessor_id":"IBMid-663001U9P8","last_access_time":1672680025385}}]}
