{"metadata":{"asset_id":"8097a5bc-4c4b-4ce6-9600-5404a15b7e91","asset_attributes":["data_asset","dataview_visualization"],"name":"parametro-l.xlsx","asset_type":"data_asset","created_at":"2023-01-20T19:03:10Z","origin_country":"us","owner_id":"IBMid-663001U9P8","project_id":"8ebcdc05-191a-41f3-82e7-1d5c28812e7d","size":15921,"usage":{"last_update_time":1676772521919,"last_updated_at":"2023-02-19T02:08:41Z"}},"entity":{"data_asset":{"mime_type":"application/vnd.openxmlformats-officedocument.spreadsheetml.sheet","dataset":false},"dataview_visualization":{"jobs":{"94925983-c966-47cd-87eb-4b968785857c":{"job_type":"profile","execution":{"status":"completed","last_update_time":1676772521794,"last_updated_at":"2023-02-19T02:08:41.794736Z"},"resultAttachmentNames":["94925983-c966-47cd-87eb-4b968785857c_0"]}}}},"attachments":[{"id":"399a07b5-301e-40da-80de-942a93c55c7e","version":2,"asset_type":"data_asset","name":"parametro-l.xlsx","mime":"application/vnd.openxmlformats-officedocument.spreadsheetml.sheet","datasource_type":"193a97c1-4475-4a19-b90c-295c4fdc6517","object_key":"parametro-l.xlsx","creator_id":"IBMid-663001U9P8","create_time":1674241390955,"size":15919,"is_remote":false,"is_managed":false,"is_referenced":true,"is_object_key_read_only":true,"is_user_provided_path_key":true,"transfer_complete":true,"is_partitioned":false,"complete_time_ticks":1674241390955,"user_data":{},"test_doc":0,"handle":{"bucket":"proyectoriosantiagojalisco-donotdelete-pr-m1cpbrlpofdeoh","location":"us-geo","type":"bluemix_cos","key":"parametro-l.xlsx","upload_id":"done","max_part_num":1},"usage":{"access_count":0,"last_accessor_id":"IBMid-663001U9P8","last_access_time":1674241390955}},{"id":"470307eb-87d5-4ce0-a5b3-f362d4becfaa","version":2,"asset_type":"dataview_visualization","name":"94925983-c966-47cd-87eb-4b968785857c_0","mime":"application/json","datasource_type":"193a97c1-4475-4a19-b90c-295c4fdc6517","object_key":"dataview_api_94925983-c966-47cd-87eb-4b968785857c_0.json","creator_id":"IBMid-663001U9P8","create_time":1676772516622,"size":2,"is_remote":false,"is_managed":false,"is_referenced":true,"is_object_key_read_only":false,"is_user_provided_path_key":true,"transfer_complete":true,"is_partitioned":false,"complete_time_ticks":1676772516622,"user_data":{},"test_doc":0,"handle":{"bucket":"proyectoriosantiagojalisco-donotdelete-pr-m1cpbrlpofdeoh","location":"us-geo","type":"bluemix_cos","key":"dataview_api_94925983-c966-47cd-87eb-4b968785857c_0.json","upload_id":"done","max_part_num":1},"usage":{"access_count":0,"last_accessor_id":"IBMid-663001U9P8","last_access_time":1676772516622}}]}
