[{"metadata":{"asset_id":"0b9b0614-3027-41e8-bf41-6e8c78566067","asset_type":"data_intg_flow","catalog_id":"9e6b8431-f94f-4ff0-8260-964c33adea29","create_time":"2023-02-19T03:52:11.000Z","creator_id":"IBMid-663001U9P8","name":"DatosFC_Con_Promedios","origin_country":"us","size":121166,"project_id":"8ebcdc05-191a-41f3-82e7-1d5c28812e7d","resource_key":"8ebcdc05-191a-41f3-82e7-1d5c28812e7d/data_intg_flow/DatosFC_Con_Promedios","description":"","usage":{"last_access_time":"2023-02-19T04:26:53.292Z","last_accessor_id":"IBMid-663001U9P8","access_count":0}},"entity":{"data_intg_flow":{"mime_type":"application/json","dataset":false}},"attachments":[{"test_doc":0,"object_key":"data_intg_flow/8ebcdc05-191a-41f3-82e7-1d5c28812e7d0b9b0614-3027-41e8-bf41-6e8c78566067px_executables","create_time":1676780331245,"complete_time_ticks":1676780331245,"mime":"application/octet-stream","usage":{"access_count":0,"last_accessor_id":"IBMid-663001U9P8","last_access_time":1676780331245},"is_remote":false,"handle":{"bucket":"proyectoriosantiagojalisco-donotdelete-pr-m1cpbrlpofdeoh","max_part_num":1,"upload_id":"done","location":"us-geo","type":"bluemix_cos","key":"data_intg_flow/8ebcdc05-191a-41f3-82e7-1d5c28812e7d0b9b0614-3027-41e8-bf41-6e8c78566067px_executables"},"is_user_provided_path_key":true,"user_data":{},"version":2,"size":6321,"is_partitioned":false,"datasource_type":"193a97c1-4475-4a19-b90c-295c4fdc6517","transfer_complete":true,"asset_type":"data_intg_flow","name":"px_executables","creator_id":"IBMid-663001U9P8","id":"e9c2648c-0be4-49a1-817c-b361b2860741","is_referenced":true,"is_managed":false,"is_object_key_read_only":false},{"test_doc":0,"object_key":"data_intg_flow/8ebcdc05-191a-41f3-82e7-1d5c28812e7d0b9b0614-3027-41e8-bf41-6e8c78566067","create_time":1676780813283,"complete_time_ticks":1676780813283,"mime":"application/json","usage":{"access_count":0,"last_accessor_id":"IBMid-663001U9P8","last_access_time":1676780813283},"is_remote":false,"handle":{"bucket":"proyectoriosantiagojalisco-donotdelete-pr-m1cpbrlpofdeoh","max_part_num":1,"upload_id":"done","location":"us-geo","type":"bluemix_cos","key":"data_intg_flow/8ebcdc05-191a-41f3-82e7-1d5c28812e7d0b9b0614-3027-41e8-bf41-6e8c78566067"},"is_user_provided_path_key":true,"user_data":{},"version":2,"size":114845,"is_partitioned":false,"datasource_type":"193a97c1-4475-4a19-b90c-295c4fdc6517","transfer_complete":true,"asset_type":"data_intg_flow","name":"data_intg_flows","creator_id":"IBMid-663001U9P8","id":"43bfdb53-82fe-4b46-8c76-8aee99ff922b","is_referenced":true,"is_managed":false,"is_object_key_read_only":false}]}]
