{"metadata":{"asset_id":"5cdaf16f-4bee-4176-afa0-b46e9d23d20b","asset_attributes":["data_asset"],"name":"PROMEDIO_CEROS.csv","asset_type":"data_asset","created_at":"2023-01-13T20:02:44Z","origin_country":"us","owner_id":"IBMid-663001U9P8","project_id":"8ebcdc05-191a-41f3-82e7-1d5c28812e7d","size":7412,"usage":{"last_update_time":1673640164470,"last_updated_at":"2023-01-13T20:02:44Z"}},"entity":{"data_asset":{"mime_type":"text/csv","dataset":false}},"attachments":[{"id":"418eeb31-578c-4dba-8eb5-cc256b2fa58e","version":2,"asset_type":"data_asset","name":"PROMEDIO_CEROS.csv","mime":"text/csv","datasource_type":"193a97c1-4475-4a19-b90c-295c4fdc6517","object_key":"PROMEDIO_CEROS.csv","creator_id":"IBMid-663001U9P8","create_time":1673640165966,"size":7412,"is_remote":false,"is_managed":false,"is_referenced":true,"is_object_key_read_only":true,"is_user_provided_path_key":true,"transfer_complete":true,"is_partitioned":false,"complete_time_ticks":1673640165966,"user_data":{},"test_doc":0,"handle":{"bucket":"proyectoriosantiagojalisco-donotdelete-pr-m1cpbrlpofdeoh","location":"us-geo","type":"bluemix_cos","key":"PROMEDIO_CEROS.csv","upload_id":"done","max_part_num":1},"usage":{"access_count":0,"last_accessor_id":"IBMid-663001U9P8","last_access_time":1673640165966}}]}
